{
	"CPSC 110" : {
		"pre" : [[]]
	},
	"CPSC 121" : {
		"co" : [["CPSC 110"]]
	},
	"CPSC 210" : {
		"pre" : [["CPSC 110"], ["CPSC 260"]]
	},
	"CPSC 213": {
		"pre" : [["CPSC 121"], ["CPSC 210"]]
	},
	"CPSC 221": {
		"pre" : [["CPSC 210", "EECE 210", "CPEN 221"], ["CPSC 121", "MATH 220"]]
	},
	"CPSC 259": {
		"pre" : [["APSC 160"]]
	},
	"CPSC 261": {
		"pre" : [["CPSC 260", "EECE 210", "CPEN 221"],["EECE 259", "CPEN 211"]]
	},
	"CPSC 301" : {
		"pre" : [[]]
	},
	"CPSC 302" : {
		"pre" : [["CPSC 110", "CPSC 111", "CPSC 260"], ["MATH 101", "MATH 103", "MATH 105", "MATH 121"], ["MATH 152", "MATH 221", "MATH 223"]]
	},
	"CPSC 303" : {
		"pre" : [["CPSC 110", "CPSC 111", "CPSC 260"], ["MATH 101", "MATH 103", "MATH 105", "MATH 121"], ["MATH 152", "MATH 221", "MATH 223"]]
	},
	"CPSC 304": {
		"pre" : [["CPSC 221"]]
	},
	"CPSC 310" :{
		"pre" : [["CPSC 210"]]
	},
	"CPSC 311" : {
		"pre" : [["CPSC 210"]]
	},
	"CPSC 312" :{
		"pre" : [["CPSC 210", "EECE 210", "EECE 309", "CPEN 221"]]
	},
	"CPSC 313" :{
		"pre" : [["CPSC 213"], ["CPSC 221"]]
	},
	"CPSC 314" : {
		"pre" : [["MATH 152", "MATH 221", "MATH 223", "CPSC 221"], ["MATH 200", "MATH 253"]]
	},
	"CPSC 317" : {
		"pre" : [["CPSC 213"], ["CPSC 221"]]
	},
	"CPSC 319" : {
		"pre" : [["CPSC 310"]]
	},
	"CPSC 320" : {
		"pre" : [["CPSC 221"]]
	},
	"CPSC 322" : {
		"pre" : [["CPSC 221"]]
	},
	"CPSC 340" : {
		"pre" : [["CPSC 221"], ["MATH 152", "MATH 221", "MATH 223"],["STAT 200", "STAT 203", "STAT 241", "STAT 251", "MATH 302", "STAT 302", "MATH 318", "BIOL 300"]]
	},
	"CPSC 344" : {
		"pre" : [["CPSC 210", "EECE 210", "EECE 309", "CPEN 221"]]
	},
	"CPSC 404" : {
		"pre" : [["CPSC 304"],["CPSC 213", "CPSC 261"]]
	},
	"CPSC 410" : {
		"pre" : [["CPSC 310"]]
	},
	"CPSC 411" : {
		"pre" : [["CPSC 311"],["CPSC 213"]]
	},
	"CPSC 415" : {
		"pre" : [["CPSC 313", "EECE 315", "CPEN 331"]]
	},
	"CPSC 416" : {
		"pre" : [["CPSC 313", "EECE 315", "CPEN 331"],["CPSC 317", "EECE 358", "ELEC 331"]]
	},
	"CPSC 418" : {
		"pre" : [["CPSC 261", "CPSC 313", "EECE 476", "CPEN 411"], ["CPSC 320", "EECE 320"]]
	},
	"CPSC 420" : {
		"pre" : [["CPSC 320"]]
	},
	"CPSC 421" : {
		"pre" : [["CPSC 221"]]
	},
	"CPSC 422" : {
		"pre" : [["CPSC 312"],["CPSC 322"]]
	},
	"CPSC 425" : {
		"pre" : [["CPSC 221"], ["MATH 200", "MATH 221"]]
	},
	"CPSC 430" : {
		"pre" : [[]]
	},
	"CPSC 444" : {
		"pre" : [["CPSC 310"], ["CPSC 344"], ["STAT 200", "STAT 241"]]
	},
	"CPSC 445" : {
		"pre" : [["CPSC 320"]]
	}











}